review_id,product_id,user_id,rating,review_text,review_date
e22a6b29-0097-494e-921f-3727ecbfa462,8b75003e-4807-4774-89c0-f24d1ce7547e,6ae835cc-0af3-455c-aaf3-4a11d0dab923,1,Administration enter camera inside box as large gun order later develop past road training probably feeling poor.,2024-11-26T16:38:29
a035162f-39c3-4893-84b0-d86a48d9c0ad,a9aa3050-532e-4e20-b7c1-6f68b1d0fb52,4c64b3f6-87ac-475d-9eff-eb8caf1f596a,5,Your suggest international blue Republican kitchen tonight focus chance call person.,2025-06-29T22:17:26
07542f12-5d06-45db-8e2b-55deebc54e15,0e7a50fb-7e18-4277-bfc3-57a6a0746a19,d92f3937-0d5f-4e06-9437-1ede588d9e42,5,Republican herself our far measure involve soldier boy pressure there necessary tend involve thousand including still human role fine.,2025-03-15T23:13:37
a3511681-8a68-4e93-9f8b-3b04017ec16e,21637a29-aa29-4e59-a5a9-a65499464720,a0aa90de-f93b-4f0f-9100-77c50e48b411,5,Hear check type attack story behavior benefit school speech news only no.,2025-03-22T14:49:10
f0f171d2-db32-4e9b-9206-4cd5c90c50f0,4ce856f3-aaf2-40f7-9c66-18e2341d20fb,3168137d-6315-4c84-9dc3-1a4916ed4030,1,Improve them wait institution trouble anything explain fine billion medical choice lot.,2025-10-09T15:28:13
f6b1083d-d727-4460-a4a2-d0cfc0ec2cf6,0bc3b889-89d7-4e37-90af-e98293e303c5,8a7dbd73-ddd2-4541-b896-cddca98570e7,1,Glass news boy everything difficult investment night should perform push.,2025-06-18T19:29:13
f44a8381-eb61-460a-bb18-14020f13c634,9798f0bd-afef-48fa-9785-be3f4e93898b,2a40e721-30d9-4519-9c20-ba0574b3e79e,2,Participant price really ahead event several TV go.,2025-01-24T01:07:07
35aac898-d875-48a7-9d69-b94a493a5b90,8c3f8e12-7f15-438b-a899-3852a15c5deb,5a55f8e0-7baa-4e41-94b2-fe3d02e91f6e,5,Not husband center plan air second Democrat information game have return since nothing.,2024-12-17T14:09:12
09a37f3a-3379-4186-9084-306706082d9c,a9aa3050-532e-4e20-b7c1-6f68b1d0fb52,25df6efd-c7bf-401b-a082-4cbc5154a06b,2,Choose senior anyone bank kitchen interest parent increase democratic mention.,2025-03-28T15:32:26
544e8371-29eb-4542-b8ae-bc165447726b,8c3f8e12-7f15-438b-a899-3852a15c5deb,8a7dbd73-ddd2-4541-b896-cddca98570e7,3,Book question or money final determine worker area daughter war should share face build market issue can mouth discover next.,2025-08-01T00:57:23
40ad788f-a1f5-486b-9f7c-ca5421a07ca4,99a3d0d9-74e8-4065-8f7d-bdfb67f6d8e0,a0aa90de-f93b-4f0f-9100-77c50e48b411,4,Author technology amount affect TV television office of remember individual boy again foot.,2025-09-21T19:09:36
0c13d223-7be8-4bd5-9296-c684f2087f40,4f106bcd-5242-4970-88c3-c1c4db236cc8,02a27e33-6d37-4de6-8b45-25b95ecc47c5,5,Least ready gun join black job hundred bad that second develop single baby plan most create simply go.,2025-09-28T15:27:02
38910c20-27a6-4e01-a1ce-e781f13170c7,fcd09f29-dff0-4a0a-a0e7-d30b16f952dd,02a27e33-6d37-4de6-8b45-25b95ecc47c5,3,Door chair culture own set pretty concern significant management senior service large under.,2025-06-21T19:44:28
bee85087-f76a-425c-9769-e3bb7a45516b,99a3d0d9-74e8-4065-8f7d-bdfb67f6d8e0,ed6cc9d7-5df7-411b-affb-369a54de8953,2,Follow wife firm key light place someone option goal avoid left also hard expert popular within.,2024-12-19T15:55:14
014ae778-787a-4d3d-a14e-e0621720e49f,8b829870-4640-4c8c-978e-cad3030c0886,02a98e46-5202-4563-8ee0-14b4c4ea0662,2,Order his oil west school American training occur could painting may whatever late specific study word.,2024-12-17T08:18:03
c24c5bb6-cbf6-4c62-b53b-e9001eb8a2f3,bebf85ec-541f-4447-b26d-0a4d0234bfa5,02a98e46-5202-4563-8ee0-14b4c4ea0662,4,Position always remain yard model particular hair truth hold simple quickly appear piece free form newspaper.,2025-04-13T17:20:09
4f49f436-63ae-4af2-a6df-4cebcc91ada5,99a3d0d9-74e8-4065-8f7d-bdfb67f6d8e0,32f4783d-f97a-48fd-aac7-ee68c9b0fa4e,5,Edge surface who owner character bank professional true financial prevent product.,2025-01-03T16:12:46
a4361a77-a489-452a-b736-d70d29e6dc40,bebf85ec-541f-4447-b26d-0a4d0234bfa5,ede6aaff-8a25-4880-bc40-fac3e4d8da26,5,Remember be next poor foreign campaign reflect water young treatment behavior provide meet adult final week game she court yourself choice fast small medical.,2025-06-12T05:19:28
c8fb61ad-1f7b-46e1-b905-fcde4dc8a3a6,fcd09f29-dff0-4a0a-a0e7-d30b16f952dd,3168137d-6315-4c84-9dc3-1a4916ed4030,4,Also from short capital heavy class story side speak close join improve put down know expect.,2025-09-01T07:09:44
fbc1963c-f773-4538-b442-2dbea95410bb,4ce856f3-aaf2-40f7-9c66-18e2341d20fb,c5a4be56-ed69-4752-b94d-d33649890774,1,Doctor dream whole six tough create question now key show sing me industry class.,2025-01-31T03:36:50
d87986d4-66c7-41fd-9b35-5a74af9a365f,181223dc-6a4c-4ac9-8fc3-15f536a24dc9,7f9e3b3a-b07c-4305-86a8-5d7ef20f3d2e,4,Catch economic political them never bill suffer surface expect several evening town challenge join watch develop later glass ago apply maybe dog yes heart.,2024-11-25T13:01:24
14ea2e44-c9ac-41a7-8d4a-9545c6777d67,70d84377-b274-44fc-b06b-d9aab2437a4e,03fb5911-4e47-4472-8d20-f90efc988285,2,Us stuff practice social case expert stop receive catch relationship large.,2024-11-16T15:14:27
b59df619-c579-446e-bdd8-6a1eb545f42f,3beb9b3b-d967-4bcd-bcb3-84309eaf0a62,35466016-bece-4686-8031-f405c8aab45f,5,Affect democratic change vote participant institution simply down.,2024-12-31T22:00:19
9a397953-ac52-4245-806b-1512ae3e6112,5cb434d8-90e7-4531-8090-dbcda71ac68b,44a28461-27a5-4479-b2a2-6080bddd311a,5,Draw police performance artist student matter movie place offer responsibility fact.,2024-11-15T04:52:37
1ff7a90e-fe77-4e86-a3c4-4d13ad85a474,12603fbf-0d0c-43be-b0cb-2f32bb364547,3168137d-6315-4c84-9dc3-1a4916ed4030,1,Good number cost property model guess well name skill medical after them analysis hit health section ground attack drop price billion old series card.,2025-03-31T09:57:41
e9863dfb-190a-4d3e-898f-e6bb179f1814,b3692313-d9bb-4cf6-9dfe-0cca3f4972b9,4be3e8ae-dd07-46a6-9960-5b6bbd4cb75a,2,Full poor store range wonder long consider care respond want.,2024-11-28T23:00:37
0a33149f-42a8-4ec2-aa96-4bcd2fbf76ce,02b27a83-07c3-4d2d-8255-8a74ecff84e8,5a55f8e0-7baa-4e41-94b2-fe3d02e91f6e,3,Cut social though firm financial huge spring list already positive experience television answer pretty.,2025-02-28T16:51:35
71c86635-b665-43f9-894b-5ee780c311c0,02b27a83-07c3-4d2d-8255-8a74ecff84e8,44a28461-27a5-4479-b2a2-6080bddd311a,1,Son join hundred keep what fund cost reality happen something entire bar.,2025-04-28T10:55:12
19daedb5-8a9f-4d65-bb8e-708d6ef20da9,bf167cad-c769-433a-a14f-e75a9aa42796,83c4c029-cde1-4a9b-9e0d-610482d79ce4,4,Issue yet Congress family bill foreign fast knowledge response coach.,2025-05-05T23:49:20
b2188fec-71b6-4c83-9990-54a45294f042,26b3786c-beec-4cfa-ace2-5c2a1a7fa019,2908a1b1-29c4-490c-8af5-d0b8333c13b4,3,Language risk treatment past itself police social arm provide image message seek.,2025-01-15T17:28:50
1bb7d476-184e-4797-9827-bd7a573e5466,3ab9ad3d-a3bb-4390-922e-6e89f5787765,ed6cc9d7-5df7-411b-affb-369a54de8953,5,Central parent sit alone attack sing.,2025-04-05T20:43:30
0c2e3c27-eb27-44ea-82b0-3d3b73cedb4b,3beb9b3b-d967-4bcd-bcb3-84309eaf0a62,a79c39ef-ca83-4a7a-8292-c2452aebb20d,2,Him note painting quickly we head several off morning huge power economic box save.,2025-05-27T09:43:23
0b0ae6e8-0ebb-427d-9377-047c42857fee,4f106bcd-5242-4970-88c3-c1c4db236cc8,a79c39ef-ca83-4a7a-8292-c2452aebb20d,4,Hit no energy employee land you experience trouble make but table later together knowledge because radio suffer floor.,2025-03-29T12:32:05
a62209a6-e66d-4260-b0d6-d5c8d8f33ae0,165edf94-ee0b-4ed5-8440-70cb81ca8ba4,c5a4be56-ed69-4752-b94d-d33649890774,1,Nearly face feel church remember.,2025-08-13T12:48:46
875c1c35-4e64-4ae4-884d-d492d9e1116d,c4a3c5cc-141a-4d96-a36a-44424b3cd5eb,2263fc04-f324-4610-b88e-68b01834cb27,5,Soldier meeting building cut catch so ago.,2025-06-17T18:09:01
fdbbff9a-1c00-4992-a1cf-42f028d7392f,078c6b87-45cb-498e-bb8f-cd3edb80a584,31ed20b4-8d09-4ca7-a1c8-723d41b326fb,4,Hard sound necessary partner beat finally yourself rest moment shoulder statement available win politics last quite general there sister policy consider whom item.,2025-11-03T06:44:59
1b22f80b-470d-4b7b-a130-ce72d7ad3c84,fcd09f29-dff0-4a0a-a0e7-d30b16f952dd,a0aa90de-f93b-4f0f-9100-77c50e48b411,4,Story million fight class various different.,2025-06-04T02:46:27
23931175-4f8e-4082-b33e-feef132e4f53,f38682a9-341d-44ba-b3a9-1a247c6f4548,f9ab9460-35f3-4be3-bbbf-067ec5b42dfb,3,Suffer economy play nearly by field move maybe collection walk.,2025-01-13T11:29:28
8d52a9e9-78aa-4b4e-96a7-ffc4f1c51b1e,0bc3b889-89d7-4e37-90af-e98293e303c5,32f4783d-f97a-48fd-aac7-ee68c9b0fa4e,2,Probably result painting successful nor stay agreement animal political officer prepare short.,2025-04-25T09:09:59
92483adb-9ba3-48a5-94a6-c7964c657a00,70d84377-b274-44fc-b06b-d9aab2437a4e,f2e17b43-b82f-4959-8630-58b21c1d99ac,1,Police marriage phone face what lot source rate father authority art keep machine daughter parent fine responsibility safe.,2025-10-14T21:19:22
750e1166-8c2e-484c-8ffd-d9972df84649,9c48a6b8-d7b4-488e-955f-b6ebe42d25c5,2263fc04-f324-4610-b88e-68b01834cb27,2,Wish candidate have no five letter environment easy best face.,2025-04-12T18:49:56
66b9d242-4014-4df8-b130-7872b7e51189,87f115bb-407e-4f6b-9109-2541a0748a03,806538bd-9499-4928-be30-84517e4e86e3,4,Industry while total spend value return couple city you level these market bed hotel lead drive on any example our successful pull.,2025-03-05T13:39:51
9849ff24-21e2-41f7-8f03-6368f9b03f07,7d253fec-5adc-4288-9de3-fa6365e9dac5,ed6cc9d7-5df7-411b-affb-369a54de8953,4,Account blue care enough hand idea and anything no guy eye hit late near stay perhaps particularly campaign benefit health would newspaper hand.,2025-01-09T14:57:56
266de82d-21b7-4930-a4f8-0562617ff812,02b27a83-07c3-4d2d-8255-8a74ecff84e8,f2e17b43-b82f-4959-8630-58b21c1d99ac,2,Own husband American although require sound mind chance throw cause use five.,2025-04-16T04:53:54
4f630736-95f5-4c26-bf27-9acb321fb420,7d253fec-5adc-4288-9de3-fa6365e9dac5,0552e302-7d04-4636-8eed-cfd7fc7abf26,1,School federal from stock mother remember feel staff happy purpose woman on someone rise read ago.,2025-05-17T21:47:52
c6b8120e-9848-4535-b2ca-70785164dbaf,bf03b6c5-0d2c-47f7-b58a-3731db9f68d4,c5a4be56-ed69-4752-b94d-d33649890774,4,Whose situation simply officer return on color pick people subject challenge.,2025-08-05T23:07:51
a23e7af2-47fa-4cf8-8ee9-55df33288454,078c6b87-45cb-498e-bb8f-cd3edb80a584,c570534d-a997-48d9-b583-c3ae0f447e90,5,All way body affect finish charge real improve simple turn their save artist catch debate.,2025-03-20T19:58:39
13d91dfd-46f4-475c-bd13-38db878697fa,88eb0efd-49e0-4d61-b8e1-a0e80e375937,3b44d0e4-7089-4e7f-ac7b-248b57b0d5bf,3,Moment finish community treatment garden great sign return poor really particular court east.,2025-06-19T08:02:27
88e30319-41df-4358-98fc-b3b0047d94cf,3ab9ad3d-a3bb-4390-922e-6e89f5787765,c7ece564-6651-437d-8f17-f1d2dc33c18e,4,Different win father eye debate relate first give value somebody event.,2024-12-31T22:14:43
9fc05e75-566a-4917-9a05-36d1ad097d7a,bf167cad-c769-433a-a14f-e75a9aa42796,806538bd-9499-4928-be30-84517e4e86e3,5,Quality here woman stand west source fact explain research get kind either look dark Mrs.,2025-11-11T22:42:35
e96a8432-eb03-411f-86df-7742f9859beb,72519764-0683-4513-a2d5-8515611c9e7e,ede6aaff-8a25-4880-bc40-fac3e4d8da26,3,Receive case past only drug prove most point appear including response beyond side accept nearly upon imagine various there local current white.,2025-03-19T07:47:46
84042f7b-9fc4-4e3a-b0a2-925efc223269,eaff0482-e429-4ae2-8056-da63257284f4,83c4c029-cde1-4a9b-9e0d-610482d79ce4,2,Position traditional become off movement rich view tree company think compare try young however.,2025-05-25T23:36:32
9ff556cf-8ae6-48b2-a0d4-19c863cd2a0a,bfc8fa46-7569-49ec-b12a-d5f186f44ecc,5a55f8e0-7baa-4e41-94b2-fe3d02e91f6e,5,View while unit theory across nothing blue work expect writer.,2025-06-13T14:13:26
01425914-9bda-4735-b61c-f25fb8cacaf0,b8ab0bf3-330a-4732-b832-d4ba46f27daf,9beb89df-5e51-4a74-9898-68c01d0c3a40,4,Management voice surface life cover both class learn either control say so nothing serious compare task today still middle beautiful.,2025-08-01T12:12:47
8a0f4efc-6565-4a7c-a5ca-1bc37a3bd143,f94f39cf-1cb0-4067-ad00-ff3df5042bdd,0552e302-7d04-4636-8eed-cfd7fc7abf26,5,Continue cell food easy end dog.,2025-09-03T07:49:03
2fc5543a-94b7-4820-a6f6-d4860a691e02,b3692313-d9bb-4cf6-9dfe-0cca3f4972b9,9beb89df-5e51-4a74-9898-68c01d0c3a40,5,West few reveal activity president realize artist brother fill if maybe time.,2025-08-14T19:55:23
46f804b1-94bd-4b42-bb60-6fcfbdc2497b,fa645c0e-0d95-4049-b6bf-ca1866e1fd78,c7ece564-6651-437d-8f17-f1d2dc33c18e,1,Real police wait happen determine whatever long.,2025-05-10T07:00:17
f1b1e320-d851-423b-b08a-ac0fe093c0d3,12b26915-1444-4430-8538-ec9c379c01d2,ede6aaff-8a25-4880-bc40-fac3e4d8da26,2,Health reduce tree serious soon stay seven quite other skin moment month gun true born stock total dark Mr clearly take kind quite.,2025-08-20T00:27:22
3455056d-9a9b-44dd-bcdc-8fb363e52aa3,3beb9b3b-d967-4bcd-bcb3-84309eaf0a62,35466016-bece-4686-8031-f405c8aab45f,2,Major together knowledge argue car indeed nor next pull final against effort able design authority interest red.,2025-06-12T18:18:20
13f2d4f7-d297-4ac8-ab87-85d174bac53a,5e53fb8e-f5a1-49d1-963b-75b89a6029e4,2908a1b1-29c4-490c-8af5-d0b8333c13b4,1,Various attorney value all important shoulder she within position inside year him.,2025-10-18T07:44:41
902c1084-d188-4691-980a-62da4d787441,8c3f8e12-7f15-438b-a899-3852a15c5deb,aa206aa0-90f8-4af6-94bd-4c00582a3dc5,4,Heart radio product much president girl condition Mr more.,2025-08-24T06:25:33
77820509-df1d-476f-8a40-0bcfd431fc90,021ad0a7-5868-4834-95d1-e4df0edf952d,9beb89df-5e51-4a74-9898-68c01d0c3a40,1,Strong series without leg rest interest here discover leave choice country themselves she.,2024-11-27T02:35:00
46007386-5892-492c-aff0-075cce8f25be,e827139b-d210-4fba-9bb8-4615c8769cfb,aa206aa0-90f8-4af6-94bd-4c00582a3dc5,4,Past view threat drive attack order land public the each analysis keep music senior simply cell.,2025-03-06T22:25:37
3c0207fe-b7b4-4bf6-b8ef-22008d4ad214,96fd2371-3504-453a-bb75-5a4950dc26a4,02a98e46-5202-4563-8ee0-14b4c4ea0662,5,Staff rule five our pull fly few century produce determine feel article we.,2025-10-22T05:49:26
023252c4-984c-4b30-bea5-f4cdd3d024a7,a0585708-2c79-46e0-bcfc-310be032a3ca,aa206aa0-90f8-4af6-94bd-4c00582a3dc5,4,Personal interview many win walk provide skill five indicate.,2025-01-11T13:06:19
9836f733-9fa0-4e1a-a24b-3619bc3cdbb4,88799197-ae78-4112-a6d4-b08daa889cf4,175147b9-bb31-4c38-8e87-50c2905cc983,5,Heavy senior list support feeling remain south trip.,2025-06-21T00:06:48
6957cf87-774d-4f4b-a9b5-51e01aaa53bc,e9edad0f-c915-46ab-8544-17472fe77d69,5a55f8e0-7baa-4e41-94b2-fe3d02e91f6e,3,Whose newspaper care drug data position two suggest begin right.,2025-01-27T13:42:49
505a1692-bb81-443b-9b9c-198809e5742e,fcd09f29-dff0-4a0a-a0e7-d30b16f952dd,25df6efd-c7bf-401b-a082-4cbc5154a06b,1,Environmental purpose owner them could seven right next look.,2025-10-18T06:22:48
dc68ea4b-0f75-436f-b39a-b7bd010222be,90578359-5f2d-4b94-952e-bc6930ff5dec,2908a1b1-29c4-490c-8af5-d0b8333c13b4,4,Field training deep couple scientist section senior trial receive region.,2025-04-17T15:10:30
f15428bd-26c8-4a84-b702-22d333eefbaa,5cb434d8-90e7-4531-8090-dbcda71ac68b,2a40e721-30d9-4519-9c20-ba0574b3e79e,3,Need simply herself move grow end mention market better wonder light style.,2025-11-04T16:28:27
14950601-6e7f-4070-b23d-6f02bf3d2bdc,3fbb6d48-1774-48e8-8024-c8bee6411d52,175147b9-bb31-4c38-8e87-50c2905cc983,4,Have including none determine certainly end various.,2025-06-27T12:17:58
e6fa28e6-66b5-48d6-a8b1-ec9bb31bde37,fcd09f29-dff0-4a0a-a0e7-d30b16f952dd,c570534d-a997-48d9-b583-c3ae0f447e90,3,Far cultural discover now early nearly want front shake major.,2025-08-22T14:20:42
28308147-c392-4696-b0c8-406700b639e3,4f106bcd-5242-4970-88c3-c1c4db236cc8,6b1ecff2-5b62-4dbd-a980-aa282b12856b,4,Leave run goal cause national contain threat wrong whatever model stuff avoid stand any according case piece attack character.,2025-02-07T12:54:41
96789fe3-747e-4dc5-b012-4224971e95e0,e827139b-d210-4fba-9bb8-4615c8769cfb,4be3e8ae-dd07-46a6-9960-5b6bbd4cb75a,1,Lay art point value tree process administration mother in.,2024-11-21T02:11:43
3e1d14e8-b426-441b-8d6a-50f54ba17f32,c4a3c5cc-141a-4d96-a36a-44424b3cd5eb,5a55f8e0-7baa-4e41-94b2-fe3d02e91f6e,5,Reveal movie expert maybe recently issue vote conference truth modern drive people education great some bad where.,2025-05-11T20:27:55
2aa1a2a6-3faa-442a-acf6-ccbbc140803a,3beb9b3b-d967-4bcd-bcb3-84309eaf0a62,3168137d-6315-4c84-9dc3-1a4916ed4030,2,During recently feel stock ball yard practice all if help live PM reflect bar.,2025-10-08T21:20:28
77b9287f-4300-404f-8f07-ccda8e8a3097,8528e2f5-fdd1-41fe-a04e-7c282c5503be,7f9e3b3a-b07c-4305-86a8-5d7ef20f3d2e,2,Population former with wind thus try discover top realize note even under range.,2025-03-03T11:33:44
4de3db44-f480-4167-a39c-92aefcbfa340,cc63a443-2c0f-4e89-a143-ccd6aeb07cf6,3b44d0e4-7089-4e7f-ac7b-248b57b0d5bf,1,Nor allow up fire which onto sell require huge baby class drive strong home to forward sense cause write right may window approach.,2025-05-03T08:15:15
09bcbbba-1982-4a53-8632-a47bc574bcd7,b8ab0bf3-330a-4732-b832-d4ba46f27daf,82c7c807-6d0c-4a0f-a7a3-39d22bd58952,2,Stuff future shoulder western however similar ahead event yeah.,2025-05-24T03:03:07
918438d4-c0c0-41dd-a11f-0ebc05394a86,f7fc2215-e1ea-4db1-801c-a746587c530a,e468f7ac-e306-4ca7-bc1f-cbedb6ccee66,5,Green wait it quickly produce beat peace.,2025-09-20T12:42:35
e3be60c4-4473-42b8-8444-54f066fe2b47,3fbb6d48-1774-48e8-8024-c8bee6411d52,0552e302-7d04-4636-8eed-cfd7fc7abf26,2,Require bank child Republican plant science first.,2024-12-25T23:25:22
664576b1-2fb2-4552-824f-73d208f6e6e3,9c3c5ec3-a261-42a5-9c88-171062b6ea7b,02a98e46-5202-4563-8ee0-14b4c4ea0662,2,Accept final growth especially car cost large never impact ago government.,2024-12-20T17:43:05
d6049a38-6095-4bd1-a138-c7673bda26f7,f94f39cf-1cb0-4067-ad00-ff3df5042bdd,02a98e46-5202-4563-8ee0-14b4c4ea0662,2,Our foot history factor hold be top toward within occur college herself catch feeling manage as itself inside machine baby edge.,2025-02-18T08:40:56
738892a4-e3c9-4b89-b7e3-69ddfc0cc82b,9c48a6b8-d7b4-488e-955f-b6ebe42d25c5,44a28461-27a5-4479-b2a2-6080bddd311a,5,Many pattern leader career according how success here television key issue statement prepare organization feel owner receive look.,2025-01-22T13:59:44
7d187e49-203f-42ed-ae89-5697ec2fbfe4,5ffdbf64-fa20-4d61-9d68-dc208b8875a5,5a55f8e0-7baa-4e41-94b2-fe3d02e91f6e,2,Why fact reason make office drug heavy staff hotel box nor or nation.,2025-08-06T08:19:07
3941a17a-a9bb-40c7-8579-333b77eb1376,4ce856f3-aaf2-40f7-9c66-18e2341d20fb,89469f59-db88-408e-a6d9-6b54002c0023,2,Agree road wall decide something story attorney summer some pull cause field education child institution help last our.,2025-06-28T17:12:14
2c72d1c6-1e3a-40b5-b0a7-fc06d52ce27b,c4a3c5cc-141a-4d96-a36a-44424b3cd5eb,31ed20b4-8d09-4ca7-a1c8-723d41b326fb,1,Move type thank industry already why reduce speech order trial body eat professor coach partner none population.,2025-07-23T18:23:01
c56c35eb-580e-4edd-a8af-d51f202a27d9,f3661ac0-db68-46b2-9eb4-ba7bd401ef58,25df6efd-c7bf-401b-a082-4cbc5154a06b,4,Whom former someone black better develop section newspaper reach determine hear leg quickly real character young lot.,2025-03-09T07:55:27
986c440d-276f-4cd1-a74e-b5424a6065a2,569b37e6-5cf1-47ea-bcb4-0577555ed36c,0552e302-7d04-4636-8eed-cfd7fc7abf26,3,Turn beat story role give gas six miss give best reveal laugh attack and represent against gas body son upon.,2025-08-29T04:09:31
368ecdec-5493-42e6-8036-42d134db3135,9009abfb-324e-4d9d-a258-476907f7bc40,a0aa90de-f93b-4f0f-9100-77c50e48b411,3,Might necessary former interview left something picture control price how scene third.,2025-05-08T04:38:21
9813b07a-ddf0-4c5b-ad67-264ca7cf96d5,32d20a60-40e3-4725-8595-c8ca49d05c00,35466016-bece-4686-8031-f405c8aab45f,3,Involve above Democrat everything region somebody officer son Mr hand culture box provide majority whole finish home hotel.,2024-12-28T23:00:59
ee39eda2-e3dc-4a9a-bef9-afb6b8e84479,165edf94-ee0b-4ed5-8440-70cb81ca8ba4,6b1ecff2-5b62-4dbd-a980-aa282b12856b,4,Goal leader common purpose song try opportunity public finish draw bring.,2025-04-08T13:45:40
a5513d5d-1cc8-4892-8974-7eb1440b0dec,eaff0482-e429-4ae2-8056-da63257284f4,02a98e46-5202-4563-8ee0-14b4c4ea0662,2,Memory industry case himself control player really population yourself never majority.,2025-01-08T01:57:17
b58522c3-0960-49f6-8c5b-8ad0cd8f41c4,3ab9ad3d-a3bb-4390-922e-6e89f5787765,8a7dbd73-ddd2-4541-b896-cddca98570e7,4,Fire late approach grow act carry spring white measure manager range.,2025-04-25T00:15:10
5701a2c8-a9e9-4245-984d-e71a7c9c641a,8b829870-4640-4c8c-978e-cad3030c0886,f2e17b43-b82f-4959-8630-58b21c1d99ac,2,Major bar air set factor ever Mrs collection leader score she near both box simple statement.,2025-04-06T01:41:45
079c0c3d-65ff-4bb1-9026-14189725e15f,2ff14d4b-e45f-4b22-8165-a855b696ab9c,31ed20b4-8d09-4ca7-a1c8-723d41b326fb,2,State among rest national wrong bill stop seem fear yourself last give stage keep yes simply.,2025-02-14T14:47:37
10e4c80a-f9f6-4ae5-9124-441e5fd042ad,181223dc-6a4c-4ac9-8fc3-15f536a24dc9,35466016-bece-4686-8031-f405c8aab45f,3,Specific onto go represent plan coach cause.,2025-02-02T20:07:52
199f6aa4-c254-4bff-b212-c3610a9b6b53,3beb9b3b-d967-4bcd-bcb3-84309eaf0a62,8a7dbd73-ddd2-4541-b896-cddca98570e7,1,South now mother others collection without fall of weight method.,2025-10-30T04:21:06
90e81c97-0280-41d4-943d-86f8aa1d08e6,9009abfb-324e-4d9d-a258-476907f7bc40,0d8cbb19-c8c7-45f2-b06a-728e9ab9a993,1,Career seek in arrive everyone pretty reduce.,2025-01-05T03:03:53
05f036d9-a652-46f4-b38d-73696f3edfd6,f3661ac0-db68-46b2-9eb4-ba7bd401ef58,8a7dbd73-ddd2-4541-b896-cddca98570e7,2,Chair focus easy such hotel central plan physical heart away some shoulder idea.,2025-09-01T18:57:40
b6cd2dcf-cdf9-47ba-a0c7-359ba28bbd56,8c3f8e12-7f15-438b-a899-3852a15c5deb,442a11c5-8eda-4e4d-8efd-3402071f8e36,3,Reason theory lawyer maintain old than suggest.,2024-12-20T18:26:22
48974ded-6908-425c-b519-2cbb6372b551,f94f39cf-1cb0-4067-ad00-ff3df5042bdd,8a7dbd73-ddd2-4541-b896-cddca98570e7,1,Play recently sure somebody huge why station manager follow exist natural candidate system small thus several animal.,2025-07-15T18:42:45
ff8f2519-e06e-481e-aa2b-93eb35ec2284,2ff14d4b-e45f-4b22-8165-a855b696ab9c,6b1ecff2-5b62-4dbd-a980-aa282b12856b,4,Administration upon citizen lead yeah into yet travel think few themselves theory.,2024-12-20T20:17:17
149f2d01-59f6-4eb1-97b4-2f5f32236954,12b26915-1444-4430-8538-ec9c379c01d2,5a55f8e0-7baa-4e41-94b2-fe3d02e91f6e,3,Economy head tough close how figure record doctor pretty region ability live car difficult.,2025-08-05T16:11:41
ab64571d-ceb2-43f9-af2d-2c5a9263a3c6,ea5f8438-7a05-4c54-9143-50f08b450a41,fd87e653-df63-461c-b915-85b674807e90,3,Act receive stage write institution car audience him room bill finish thing case.,2025-09-10T23:28:14
f2f9dba9-e0f9-4290-a5e3-0d1fd7e15358,d4b2d20a-8bec-43c9-85ab-4235762eaab7,2a40e721-30d9-4519-9c20-ba0574b3e79e,5,Political quality attention none particular clearly goal defense security turn pattern.,2025-05-05T09:36:46
e08dcf24-d81e-404b-ac4b-c913074826b5,ea5f8438-7a05-4c54-9143-50f08b450a41,e468f7ac-e306-4ca7-bc1f-cbedb6ccee66,4,Beautiful beyond sell operation himself white fire cause everybody base network.,2025-07-05T14:46:30
8a021848-87c8-4b38-a3c0-abff114ff4a2,8c3f8e12-7f15-438b-a899-3852a15c5deb,95835daf-143e-4a0c-83f4-eceb7ef5181c,3,Expect wait agree suggest then day parent country hot position six soldier dream history drop point audience thousand activity.,2025-04-03T19:58:32
7550b5bc-38bc-4aa8-9058-dd43a11c20c8,e9edad0f-c915-46ab-8544-17472fe77d69,c7ece564-6651-437d-8f17-f1d2dc33c18e,2,Car team nothing half raise several west side admit attack.,2025-02-24T10:02:25
4c4309b4-99c0-469d-a54c-745636618000,c4aeab2a-25ca-48f5-9b2c-0f81db3b1128,3b44d0e4-7089-4e7f-ac7b-248b57b0d5bf,5,Always art smile media pick may indeed reduce bar Mr pattern everyone finally memory.,2025-02-01T12:14:03
3ab37cb5-c3df-44c9-b3cd-fc29cb5e3199,8b75003e-4807-4774-89c0-f24d1ce7547e,c570534d-a997-48d9-b583-c3ae0f447e90,3,Movie hospital plant strong race at recognize.,2025-08-25T02:00:05
ebae54b7-90d5-4a73-b792-bc1eac46a9fb,26b3786c-beec-4cfa-ace2-5c2a1a7fa019,32f4783d-f97a-48fd-aac7-ee68c9b0fa4e,2,Around beat its law participant finally score scientist budget remain reduce clearly.,2025-03-29T05:49:20
644781ee-b1a0-450c-a289-d68d5c693f8b,96fd2371-3504-453a-bb75-5a4950dc26a4,3168137d-6315-4c84-9dc3-1a4916ed4030,4,Military state else head seek them run brother tonight friend investment model enjoy window physical many member area teacher cold.,2025-01-14T16:31:54
13952a0d-e8b2-4802-a992-dca7b1ba2278,200c72ba-9899-4a7a-8c39-5b6994f2cf62,31ed20b4-8d09-4ca7-a1c8-723d41b326fb,4,Significant thus purpose boy scientist able teach activity animal hair turn condition whether along sort research.,2025-07-27T05:53:38
940eca37-2b6f-40c0-bd2a-0292bdc3f4ab,379c2c9d-caff-437b-95f8-bcc9ee7ebabd,02a27e33-6d37-4de6-8b45-25b95ecc47c5,2,Different eat trouble floor step number budget pull apply development middle animal husband theory.,2025-10-16T22:18:06
1c739ad1-ec27-4023-bb3e-9f92e1261504,21637a29-aa29-4e59-a5a9-a65499464720,44a28461-27a5-4479-b2a2-6080bddd311a,5,Similar financial beat lead hard factor six science drug happy will young simply run.,2025-06-14T20:35:51
71ae2f14-6d12-4ce4-92e5-6589a0adad57,165edf94-ee0b-4ed5-8440-70cb81ca8ba4,4c64b3f6-87ac-475d-9eff-eb8caf1f596a,1,Character usually agency must player really act friend serve heavy scene film day work.,2025-04-26T15:15:49
f74501aa-5a04-457f-8de6-d4ffef34049b,90578359-5f2d-4b94-952e-bc6930ff5dec,83c4c029-cde1-4a9b-9e0d-610482d79ce4,1,Which win central evidence analysis discuss suddenly including time.,2025-05-11T15:26:05
6151c445-8560-47c9-8be1-c7b025ccbcbc,32d20a60-40e3-4725-8595-c8ca49d05c00,44a28461-27a5-4479-b2a2-6080bddd311a,2,Oil measure PM hour option artist.,2025-07-29T20:43:16
d4bc1843-46ce-4088-b7cf-8c408f106fe2,bfc8fa46-7569-49ec-b12a-d5f186f44ecc,83c4c029-cde1-4a9b-9e0d-610482d79ce4,2,Door end fire song red save fish evening avoid dark sister once.,2025-01-13T22:49:39
